path	bytes	sha256
.gitattributes	198	ea11cc8c4f73545ab97d043fbd2ddc8a63972a17aa57daf690be9603cd163234
.github/ISSUE_TEMPLATE/reproducibility.yml	1061	de180d1232378f1a93ec34903d0222363a81f741e19301cd484d534c5aad3b9c
.github/pull_request_template.md	540	286106807f7e8c914c5a964c1769e4d9c02841a4707a2ca941668e168c6c371c
.github/workflows/ci.yml	413	501baa256b651109507d8e240402cb82fc9e6b7075d6bc5e03165fb48c91c505
.gitignore	595	c40c8eb5c4d137d05d4f3753f38f490d778ab87de3ee71d3cd46c3f86b3fd52a
.pytest_cache/.gitignore	37	3ed731b65d06150c138e2dadb0be0697550888a6b47eb8c45ecc9adba8b8e9bd
.pytest_cache/CACHEDIR.TAG	191	37dc88ef9a0abeddbe81053a6dd8fdfb13afb613045ea1eb4a5c815a74a3bde4
.pytest_cache/README.md	302	73fd6fccdd802c419a6b2d983d6c3173b7da97558ac4b589edec2dfe443db9ad
.pytest_cache/v/cache/nodeids	306	e7f90aec8e25a2778c08e5b99904cb5f0c0e5976858a85e1a4317e7a69bb055a
configs/publication_v3_analysis_freeze.json	14340	304d62eca11678beb8d0910ae4348849df18f4b7596bc6716a203683d671eb99
configs/publication_v3_crossgenus_candidate_catalog_freeze.json	7571	33eba0c51b4ea4edd3af55ded5ae03979e1a44966771586576cccefc0806e5c8
configs/publication_v3_crossgenus_go_exploratory_freeze.json	6354	a0d61c21f5fa1559cf367c0c5e2ebdd353f2bf9ebe602b113b28b40e8727cf04
configs/publication_v3_dapt_pretraining_release.json	4373	f8462803975c600359b9b1f42ce448d0a467b1326a2d1a1674d4608931154bfd
configs/publication_v3_exploratory_prunus_chromatin_replication_freeze.json	1947	c6802d71c81fac4977fad5ab27448652fe4774ab9f18060bbded17709e081663
configs/publication_v3_gbox_model_attribution_freeze.json	3049	3a11881606b7728156e5420ae9abbb97d8042d55313ba4175296cd40790c0776
configs/publication_v3_gbox_model_chromatin_integration_freeze.json	1851	06b12928f9dc7e9e44b343e5d7f848a2416a0bdafdffd62e148b1f89a03e2111
configs/publication_v3_gse141983_raw_sensitivity_freeze.json	5422	f51d35cdff8b87ba612528f33db957d46a45cb932c001995cbc8217112e3d65c
configs/publication_v3_prunus_chromatin_binary_implementation_freeze.json	2642	724f2aeabd85f8ceac5c896758c60b065f33721aea8053deba5bcd065ff49b05
configs/publication_v3_prunus_chromatin_posthoc_chromosome_freeze.json	1515	dce297de144896022f5913791b5ce2674751b25702c523f3784f1033154e2934
configs/publication_v3_tier_a_mechanism_evidence_freeze.json	5386	cb1066528cedecda1d00024711b3176abd4cc4e7550d12673537db9c3177ed79
configs/README.md	476	0c53d41ca6f5531842bdce48e518569209a34a9192e7ccacc1a80011758252c0
CONTRIBUTING.md	1395	e9dd9b9d7cf1b7caa6b360a19866ea75312ccb2e2350eb02d1a3c88998f33d57
docs/ANALYSIS_TIMELINE.md	2000	5b10055676e09692ed62dfde6bea4fcc4a297f2aac57714f7bbb6febbf316ff9
docs/DATA_AND_ARTIFACT_POLICY.md	1601	2ab5e6228859e12389ea7f180bd4270a5643b96851ff359da3394d6675970bfc
docs/METHODS_OVERVIEW.md	2863	e58825ad8c7380ae1f1d01bc6d959d554a1679d2b4268ce545b97741ccdf9c70
docs/protocols/publication_v3_rebuild_pilot_amendment_20260801.md	5947	340f6739f4da64653e4bf3986dcff16c9ad25cc55aec1fedfe043285397c3e3a
docs/protocols/publication_v3_statistical_analysis_plan.md	4013	1d59100a6e59464591d0319ca0ba92d9fce76909b8a3018f9ac82537432f3908
docs/protocols/publication_v3_statistical_analysis_plan_v1.md	1029	a8a62e04196c1abf85caa1ff7535d838e5b35094870e90d5d129e99cf81c6bc7
docs/protocols/publication_v4_posthoc_analysis_contract_20260803.md	9919	0ef04309893f5c1dc342b99e34e589fdddad21efc9a039302f2ead2741d59d57
docs/protocols/publication_v5_comparative_regulatory_contract_20260803.md	9319	470139d7d058b2741b73bd220712d9ace02982cba9cc615f01ff89ec9c5f380e
docs/protocols/publication_v5_crossgenus_candidate_association_addendum_20260803.md	2360	3d40f0121252549d69017e7c8bf704ff109b004dfb98b3fd762876b25037a24c
docs/protocols/publication_v5_frontier_scope_20260803.md	5046	22bd93b54073c4d196dfc95c7ac3837b0d42a7ac10b8bd1b98de2a82d42fb055
docs/protocols/publication_v5_gbox_count_matched_sensitivity_note_20260803.md	2435	4e43e5b7e91cb69b384ec91a59c515e6d99650d9aabdff86bca26f0b54e1e315
docs/protocols/publication_v5_gbox_overlap_sensitivity_note_20260803.md	1337	78a81c503dd65f81c080509ea861247516682c0b977d8d37a296f5ca8454d750
docs/REVIEWER_QUICKSTART.md	2444	fa8a7e6d4e95da4831f8d7a6dc7c0c2db94424e55eb8e55af6c162a0f0839ec6
environment/core-environment.yml	354	9000a99b652b36480501378d4908e4f000518407add35e5f0fa7304ad38f5f43
environment/publication-v5-motif.conda-explicit.txt	8635	9068ffe81398d69fb1db96c568b32f306ea30d265f5425cc442db3326a0d6a0b
environment/publication-v5-motif.conda-history.txt	8164	f5fc827ed5935db3a6eb5f0566b8de69f84596e71a932d341d0ce3b5e431d4e2
environment/publication-v5-reconcile.conda-explicit.txt	732	172d0095ed4b65a6053e55284b948739b3aabceb13df00d3d4fc63cb9b7bf42f
environment/publication-v5-reconcile.conda-history.txt	693	87d2eab548701845bbefc476668686ee4b767c9d045e6770c4ce3387528f53cf
environment/README.md	1123	4f5c6490284ca945e0f3078218200a101851f2edf878334a3a614c2a03c11d61
environment/treefm-genome.conda-explicit.txt	45243	8a69f89ca0c4d3e17857706eecc395a258f1b5106d0f5de76195fd8b2fd6ceeb
environment/treefm-genome.conda-history.txt	113362	541c39995c18ee9f0211d7908dd712f93bf216d1a0c0ec1434bcd0a663e0c641
environment/treefm_chip_conda_explicit.txt	5535	9803ad8b9d4233413eee38f8105e47f677460c48591db26863a86d5f4da6a6d6
environment/treefm_match_conda_explicit.txt	23970	d134dbe2d6f0096535f2a3cda87affa16735c35bd5e30aad7da31ccea6840035
LICENSE.md	550	beaaa9c116d8a53b33bcdcddb228d506caf1b845af52b46ffd81f57a3e47dabc
README.md	3107	8aa57a97e049150dac2888fea26da1d5cf1606a010aa902585a7f3d73a6cf998
scripts/100_discover_phylogc_candidate_sources.py	6305	38065472ea2ea398e6f8f4ac21d8667cab485181464984eef26c9812c4626aef
scripts/103_compute_phylogc_genome_features.py	20035	26a4d3fee3dedae3c6723bdb2c664231ee3645e5b372b893157b10112fff8c89
scripts/104_run_phylogc_candidate_busco.py	7169	76d02941a364eb45bca9488ee8809f088b4771f3b6d55d76d68490584a6bf8a5
scripts/105_select_phylogc_match_species.py	7227	80cdd38f1ef3c75259c5a89ab173c6ab1f2778bdf19438cfe3da4cc4e3840850
scripts/107_build_publication_v3_dapt_corpora.py	13426	475a175587dc89c6310d6e501461ca5dcdbbd6cae3481acf57c0e279b2943b84
scripts/108_prepare_publication_v3_dapt_datasets.py	6605	a9d88228811efaee366c478667a8417209f50449a21940d070d059ac18cf87b0
scripts/109_train_plantcad_publication_v3_dapt.py	14135	4f364fe320d8f79a72e502bafd4e7cafa51cb725449268dada2e74741db584f9
scripts/116_extract_plantcad_publication_v3_embeddings.py	12126	ced75dae91be4448836b858bab813483a7132a5c459acc4a0f37ccf1925dd4ed
scripts/117_train_evaluate_publication_v3_probes.py	16550	0d528f98b10404d802d42741627c1596f125288d5fd702ce805850b8fec6485c
scripts/118_compare_publication_v3_arms.py	15952	3fdad9813d97dd4ad070a685f6930beadec5c15ce398f140656ff3a7c2f7f8c3
scripts/127_prepare_prunus_publication_v3_design.py	8701	fc0bb5733a93ea308ced94c9793cef9b0eb7449fa97606640ac3187eeb6c8068
scripts/128_build_prunus_publication_v3_robust_labels.R	12351	18aecf85a00a3bb94196563f512f8d39b3fe6ebeccb21c4033fda17bf46a42e8
scripts/129_build_prunus_publication_v3_promoter_dataset.py	4753	f14faa788db24b75b155e09230da858ae15a83f91c76bef3a05a65000de3dc52
scripts/131_extract_publication_v3_functional_embeddings.py	10521	43ad7c506c789a50e672c1f74eaad15fae458a421965c278617d624670bcd93c
scripts/132_train_evaluate_publication_v3_functional_probes.py	17611	ea906e647ff432bd9d38bae974af0c391bf10aa6d45ced1e554491544417a602
scripts/133_compare_publication_v3_functional_arms.py	11541	3337819d55e666187e785ee966d02f04f85ba561cbc599c94824bdd7f1161646
scripts/155_analyze_cross_genus_promoter_kmers.py	20736	74f2034646320bbb28d90deb06e082d853b8fb067af9a5dbcd16e93123c92aa8
scripts/160_analyze_pyrus_gbox_chromatin.py	16116	d33a0e25483df34af7f72ceb8891a36e471758ab8338052db710cff6473d1532
scripts/161_prepare_publication_v3_gbox_mutagenesis.py	13504	69252b0fde1a1a17f8687ee1188f1f9a91a0cd66336462ac1d397030114ef002
scripts/162_extract_publication_v3_gbox_mutagenesis_embeddings.py	10484	2b7285ebdd1ccdd0abd6557db87ed2eb8c8186c6442a4ce3f819679df1378965
scripts/163_score_publication_v3_gbox_model_attribution.py	15380	1a413b9d16221d81d8e097add175c10274c21b158774947e91381dc6b1fcafdd
scripts/164_compare_publication_v3_gbox_model_attribution.py	8531	dbd427122018083e3f6f28f2cfbe7c26ec8d9621df6d01d1ce35e6908b7de8db
scripts/169_integrate_publication_v3_gbox_model_chromatin.py	20563	9dedaa86cd835ab119166815b6e1c633acf2eb9389e0b4f4a29aa69c53b0da35
scripts/179_analyze_gse190586_prunus_chromatin_binary.py	15161	a6588f8a88c7b419f2bbd558ca07867177dd426b9f0545c2e2cb29138627dcd3
scripts/180_verify_gse190586_prunus_chromatin_binary.py	5166	2fbe7c661599f58121293b51ecef20c74794aca9f489c5ec7e7d367cb0d14afe
scripts/182_analyze_prunus_chromatin_chromosome_robustness.py	9138	a0a97590ca7ab69abe9dd242321544e92350cfd8d1598e062c4762f5f5eb9c38
scripts/183_verify_prunus_chromatin_chromosome_robustness.py	6061	a8510f86cd7c859ea52e90b81ba6e33a9fc9cca45c8f0e9e1637c373ad168150
scripts/185_prepare_gse141983_raw_sensitivity_metadata.py	8011	8467fdc74decbac9fbc99d3af085b57365335d6249df66fe99ef5d81df431965
scripts/186_prepare_gse141983_raw_sensitivity_reference.py	7238	8db8149757b3b78fdbb5dd73c590980a255363a75c9e1031010180e73d03fc90
scripts/188_process_gse141983_raw_chipseq_sample.py	11076	cf3cce39f47955d533260c23f3f526d70f2c737fe37ba30eca0988a26c0fb7fe
scripts/189_analyze_gse141983_raw_h3k4me3.py	23773	e082c4faa047af6235264e700e77850229a41429001ec1e3b988ef67006021ac
scripts/190_run_gse141983_raw_chipseq_pipeline.py	10359	79b2d52d910f262f53b6cfed4753e968ff64264a71b3e64ba7583045d61a77e8
scripts/191_verify_gse141983_raw_h3k4me3.py	8305	e8057b467bc95eb3b5d42b86014987d10adf08ecb93f25771500a92118f2f05e
scripts/192_freeze_gse141983_raw_sensitivity.py	8675	f56e4c2d67fa06f56bf886334d0d2044c42e235123c25aece807f0f479f14677
scripts/199_build_prunus_chromatin_complete_evidence_manifest.py	10205	2d00a48f69cd7bf17d19e7bfe88c39bd0758f9d64b4103eb93732e5289574199
scripts/220_build_prunus_gene_id_bridge.py	9884	0c96ca6c88d08b7f5383b2ef7997eed8c8359f540caeae7301623fc9de6692ec
scripts/221_analyze_publication_v3_crossgenus_go.py	31032	fc0c7d5ac5078dbff505b89bb6b1e035e279c9e59ed7b2fd7f425f960dbe7028
scripts/222_verify_publication_v3_crossgenus_go.py	28730	48c88a1847748106b75ef57cc12b3ea81d9b84c2a7697ab4640b6d7f2562add7
scripts/234_build_publication_v3_crossgenus_candidate_catalog.py	32136	9aab1d9285c8c2cbad21f9187786232873d9a86cffcb1fca4dd3f9a42e7bd429
scripts/235_verify_publication_v3_crossgenus_candidate_catalog.py	24262	35d1beabbeb4e4cbf990659a0e7406e5ddf9e5ce3d900463523f6f62c2eae277
scripts/247_prepare_publication_v3_tier_a_annotation.py	11415	9e579b472445e934c656ec2d275ceef40134fe0404e6888dc220b7709130aa17
scripts/248_summarize_publication_v3_tier_a_domains.py	18228	fdc06bb2ef8fe772c44d0953e3bacab494b56feb1a61eac017ccf0014d0eb61f
scripts/249_run_publication_v3_tier_a_annotation.py	7678	918ff483bfa3307aa3ee17648645b349174a25657cf4b6bb116a2a2ad76838d9
scripts/254_verify_publication_v3_tier_a_annotation.py	16945	e08e0d8bbcbdccc9c0912ee1eb2289828dfe28b23f3d631cbfad21c1534e7019
scripts/255_build_publication_v3_tier_a_mechanism_evidence.py	25563	b43b99b32b280a2ff1bb22f686948890091b27ed196586ac69df9dcad3fcdf01
scripts/256_verify_publication_v3_tier_a_mechanism_evidence.py	19756	a3994e16f87281a30b0beec56dbe7030337929b018294258f9ab3ccaf1d45ac7
scripts/269_summarize_publication_v3_rebuild_pilot.py	7133	14408ef6a29293d3a04928364b63ff998ec15559b13e644034837d41046f9998
scripts/280_summarize_publication_v3_dapt_training_qc.py	7475	808d07b5472602708b3f24e466fc93fa6371d68b583580df821cab7daebb239a
scripts/291_summarize_publication_v3_early_functional.py	8005	f33642e2d3f8cb0d76d00d13264bb4ad14cd9d643b3f86a0455bea1ebc0d9044
scripts/292_bootstrap_publication_v3_functional_contrasts.py	7648	04e73be6deb38262fe6250277c72b70df66bc719fe5d0110f10a0a575b7755f5
scripts/293_summarize_publication_v3_functional_benchmark.py	8128	fb42f8160fde18332315091ae089d95058170d74b4269ebb1c814b7c3d1ec973
scripts/295_summarize_publication_v3_prediction_agreement.py	5337	96c3e3b9c2ead777bd43f0116652431d4d670ef5014dcad94c21119b2d8a6eab
scripts/299_audit_publication_v3_rebuild_integrated_evidence.py	38376	a127146b8c5f6e1088b157cea93a5bbea242283ead180d031ca7449601774bd1
scripts/301_smoke_test_publication_v3_finalizer.py	4768	4047e47c2e788754a2428b3adada21f9b0a4873f90c80c33ddd5bb8fac0a67f6
scripts/302_summarize_publication_v3_tier_a_chromatin_overlap.py	8820	8afecece21d249ed0203eb288e653b619d486c29c8d6bb41b53ab08d2fba3708
scripts/310_summarize_publication_v3_technical_arm_posthoc.py	13310	ef4762680ecdf088644e0d0459f983086c69a2ad1e06f3f0deee02b401d181a2
scripts/315_audit_publication_v3_primary_novelfamily_pairs.py	6598	0d55e3ee223a54d0fef871ed06a5382ec5060dc8c5cafd0f1babc41cc198b9e7
scripts/322_bootstrap_publication_v3_functional_secondary_endpoints.py	18868	8ece126312556e64732814ba55b1106ad3ad253a0bca9b996859c90ff100ec1b
scripts/327_analyze_and_plot_publication_v4_corpus_phylogeny.py	20641	2a9d011cabac3598abaa2457769b9f2dd0ccd7be6f366eeaf841ee045bfdfbb6
scripts/328_audit_publication_v4_corpus_phylogeny.py	7116	62889b3c2b934481c61c20fbda20e7b7bafe98566a0a5b48c5c681aacaef0154
scripts/329_analyze_publication_v4_representations.py	19419	d58a6ccd991e404088dd095250d6ed39cfdcd2c15a2b29e6a37b0fe807c6f4b4
scripts/330_audit_publication_v4_representations.py	12316	da849efe7fa02739cbe52ec5a0f36f7988f60b9c2a02df6ee13068ba24051120
scripts/332_analyze_and_plot_publication_v4_go_stability.py	20159	464f48803ea7f510a7eb219dbf5179ee1a3170141ff48d6d7178217dad8a8431
scripts/333_audit_publication_v4_go_stability.py	6064	35b7f894f1d2f876037837248ea96a0e86c94e6b62fe67975b436c221dcc086d
scripts/334_analyze_and_plot_publication_v4_tier_a_comparative.py	18034	0d2c67950dd7991db2f70a5f0b7f763a830c52ae566144c731356a813463444b
scripts/335_audit_publication_v4_tier_a_comparative.py	7275	8200560b80dba412d9f2d77cd2954482d3f51645441dcb5685cf16075e5385dd
scripts/340_plot_publication_v4_technical_and_leakage.py	18396	fc1ec0e0dc4278872ee84bde85bffd1c45658f85daef049d866dfdbddec7a969
scripts/341_audit_publication_v4_technical_and_leakage.py	7262	d7dd204ac675d07e6f41abd85af96a07947633a9d19b652e93cced7df493f6fd
scripts/342_audit_publication_v4_integrated.py	11158	4b172334f365e258ac0bd73a03660b97801caab53bc4b2ceacd99ea40c3fec86
scripts/345_audit_publication_v5_resources.py	14483	3af3ff34e3041e1dfb481904c12a96b7c40f1dcc12d80434732c012fc0c3c7c7
scripts/346_prepare_publication_v5_gene_trees.py	8940	15e91c5982bd34667ef2030f651f2627ecc9b87961a7ee81abce57720dd3148b
scripts/347_run_publication_v5_gene_trees.sh	2050	a38f325e7f2644adbf718b8302d4e876573d8df1eafbc547441d802fb60a4945
scripts/348_analyze_publication_v5_microsynteny.py	22730	f281ecca29a87a6e89dc20b31c7eb98c19110d8784fccbdbc26e863ef4d9fd8e
scripts/349_prepare_publication_v5_motif_scan.py	10176	5f0d8271eecbc6d20dc5cea306a6d1b3b3b6731d1d1478c2a3eda2250a4746ab
scripts/350_run_publication_v5_fimo.sh	645	96bf20a495153f70ee2d8fa8ffa6253dd6517e14d4a8bef90ff3a69d14cfd03e
scripts/350_run_publication_v5_fimo_chunk.sh	563	6c41d442061039ca4933e069580f5a4fa69d649f40e30656e6fff23f9f6158de
scripts/351_analyze_publication_v5_motif_enrichment.py	15394	ebb2f313ecf1ed068b79a56fbd8ea7d213e7c24347aa04341c3692b5abdfdd52
scripts/352_run_publication_v5_reconciliation_and_untrimmed.sh	3588	0835d29defb32ba3b03f3ac049ea4350477ac0d258662a747a0368a134a7f9b0
scripts/353_prepare_publication_v5_domain_sensitivity.py	8219	e1d101b6cb4a622cbeb92fec7ec7b59e5d404270267d87a397b87f065152538a
scripts/354_run_publication_v5_domain_sensitivity.sh	1062	8696c4b696f1c994db72ccb939cc1adab747d2a3b725ccaa53413c83e6fd2da3
scripts/355_summarize_publication_v5_gene_trees.py	24754	02b821ace26c29450c3cd60c9457eb962d9a96a216f97e0d0dcc0e2959f8e613
scripts/360_analyze_publication_v5_gbox_overlap_sensitivity.py	10740	73c2b901cb11d0d6851fac22c43625f06abbc2a9666d98ce0b20ac80d0e069aa
scripts/362_audit_publication_v5_integrated.py	10030	391973234163593d6b166dfabb4d9359a31daf06fbb2e9a3d6963dbd84fb605d
scripts/367_analyze_publication_v5_gbox_count_matched_sensitivity.py	11737	97605b715b22595e1234f3b37c066fd1dc4463041f0000f2479e5f7ff32dd2ca
scripts/381_analyze_smart_forestry_revision.py	24467	7d9cb35b0d869d23beaf794bf6f1afb333eb5fe4887c058cc237fab6aba56e8d
scripts/60_audit_publication_v3_inputs.py	8639	dd938eceb44feb902affdeb732c667b9e1e44c5d0f6d4748cb86db4295732eb8
scripts/63_prepare_publication_v3_genomes.py	8393	f5292965fdd76f9a214a4d9d8718f63c766e822e3e166f851e67823b38bb93db
scripts/64_audit_publication_v3_functional_schemas.py	5718	ce19a396e524c69d3150ae0eda0978f6411f9452f32e4d56769cdbcdb3f22246
SECURITY.md	555	cb644af919cdfbb6b62facebfd42140428a949c18b66e3d9972bb5c8129fe6a1
tests/test_269_summarize_publication_v3_rebuild_pilot.py	4756	b331ae8ba1fd857ed69b1470ec1878b2fb70bdda0a052a20a3d5850c63b41480
tests/test_repository_policy.py	2195	0eaf3c9df304fde366367c65cdf2f66009516f5d28f3c0ff56da5797861532e6
tools/generate_code_manifest.py	1307	618d4fae8e7d74d2c0b803bf555085b90486c1fdff94b4057c2f43f2d4d0fe2b
tools/validate_repository.py	3380	6a437c895324639b5dd600258dc12a2596cdcbc91ed1744c6d68c2726cce5ba8
